codigo,nombre,descripcion,categoria,unidad_medida,peso_kg
M156-200,MARCO 1.56 X 2.00,,Torres de trabajo,pieza,22.000
M156-150,MARCO 1.56 X 1.50,,Torres de trabajo,pieza,18.000
M156-100,MARCO 1.56 X 1.00,,Torres de trabajo,pieza,13.000
MP-156-200,MARCO PUENTE,,Torres de trabajo,pieza,25.000
M120-200,MARCO 1.20 X 2.00,,Torres de trabajo,pieza,20.000
M120-150,MARCO 1.20 X 1.50,,Torres de trabajo,pieza,15.000
M120-100,MARCO 1.20 X 1.00,,Torres de trabajo,pieza,10.000
M80-200,MARCO .80 X 2.00,,Torres de trabajo,pieza,15.000
M80-150,MARCO .80 X 1.50,,Torres de trabajo,pieza,13.000
M80-100,MARCO .80 X 1.00,,Torres de trabajo,pieza,9.000
MAR120-200,MARCO ALTA RESISTENCIA 1.20 X 2.00,,Torres de trabajo,pieza,25.000
MAR120-150,MARCO ALTA RESISTENCIA 1.20 X 1.50,,Torres de trabajo,pieza,18.000
MAR120-100,MARCO ALTA RESISTENCIA 1.20 X 1.00,,Torres de trabajo,pieza,13.000
COO,COOPLE,,Torres de trabajo,pieza,0.200
BAR-SEG,BARANDAL DE SEGURIDAD 2.20,,Torres de trabajo,pieza,0.600
C-250,CRUCETA 250,,Torres de trabajo,pieza,8.000
C-244,CRUCETA 244,,Torres de trabajo,pieza,8.000
C-220,CRUCETA 220,,Torres de trabajo,pieza,8.000
C-196,CRUCETA 196,,Torres de trabajo,pieza,7.000
C-165,CRUCETA 166,,Torres de trabajo,pieza,6.000
C-130,CRUCETA 130,,Torres de trabajo,pieza,5.000
PM45-220,PLATAFORMA BASE DE MADERA .45 X 220,,Torres de trabajo,pieza,25.000
PA30-220,TABLON ANTIDERRAPANTE .30 X 220,,Torres de trabajo,pieza,34.000
R8,"LLANTAS 8"" FRENO DE MARIPOSA",,Torres de trabajo,pieza,4.000
RP8,"LLANTA 8"" DE POLIURETANO",,Torres de trabajo,pieza,5.000
RP6,"LLANTA 6"" DE POLIURETANO",,Torres de trabajo,pieza,5.000
BAS,BASE,,Torres de trabajo,pieza,1.000
NB-50,NIVELADOR BASE 50 CM,,Torres de trabajo,pieza,5.000
NC-50,NIVELADOR CABEZAL 50 CM,,Torres de trabajo,pieza,5.000
NB-70,NIVELADOR BASE 70 CM,,Torres de trabajo,pieza,6.000
NC-70,NIVELADOR CABEZAL 70 CM,,Torres de trabajo,pieza,6.000
EST,ESTABILIZADOR,,Torres de trabajo,pieza,5.000
EI-L,ESCALERA INTERNA LIGERA,,Torres de trabajo,pieza,43.000
EI-R,ESCALERA INTERNA REFORZADA,,Torres de trabajo,pieza,53.000
PASS-EI,PASAMANOS ESCALERAS INTERNAS,,Torres de trabajo,pieza,4.000
LIRA,LIRA,,Hamacas,pieza,14.000
P-HAM-A-200,"PLATAFORMA HAMACA 2.00 / 50 M ""BASE MONTEN""",,Hamacas,pieza,0.000
P-HAM-A-400,"PLATAFORMA HAMACA 4.00 / 50 M ""BASE MONTEN""",,Hamacas,pieza,0.000
P-HAM-M-200,PLATAFORMA DE MADERA DE 2.00M,,Hamacas,pieza,0.000
P-HAM-M-400,PLATAFORMA DE MADERA DE 4.00M,,Hamacas,pieza,0.000
BAR-HAM-TUB 4.00,,,Hamacas,pieza,0.000
BAR-HAM-TUB 2.00,,,Hamacas,pieza,0.000
BAR-HAM-190-110,,,Hamacas,pieza,0.000
BAR-HAM-190-80,,,Hamacas,pieza,0.000
ROD-HAM -C,,,Hamacas,pieza,0.000
VARILL,VARILLA PARA HAMACA,,Hamacas,pieza,0.000
T-HAMACA,,,Hamacas,pieza,0.000
MAL-50,MALACATE 50 MTRS,,Hamacas,pieza,0.000
MAL-100,MALACATE 100 MTRS,,Hamacas,pieza,0.000
TIR-50,TIRFOR 50 METROS,,Hamacas,pieza,0.000
CAB-TIR-50,CABLE PARA TIRFOR 50 METROS,,Hamacas,pieza,0
CAB-TIR-100,CABLE PARA TIRFOR 100 METROS,,Hamacas,pieza,0
PEZ-PRE,PESCANTE,,Hamacas,pieza,0
PEZ-REF,PESCANTE REFORZADO,,Hamacas,pieza,0
CON-PES,,,Hamacas,pieza,0
P300E,PUNTAL EUROPEO 3 M,,Apuntalamiento,pieza,8.2
P400E,PUNTAL AUROPEO 4 M,,Apuntalamiento,pieza,10
P300N,PUNTAL ICAM 3 M,,Apuntalamiento,pieza,0
P400N,PUNTAL ICAM 4 M,,Apuntalamiento,pieza,0
PR300,PUNTAL REFORZADO ICAM 3 M,,Apuntalamiento,pieza,0
PR400,PUNTAL REFORZADO ICAM 4M,,Apuntalamiento,pieza,0
V-2.14,VIGA MONTEN 2.14 M,,Apuntalamiento,pieza,17.8
V-1.86,VIGA MONTEN 1.86 M,,Apuntalamiento,pieza,15.48
V-1.61,VIGA MONTEN 1.61M,,Apuntalamiento,pieza,13.4
V-1.16,VIGA MONTEN 1.16 M,,Apuntalamiento,pieza,9.65
V-.74,VIGA MONTEN 0.73M,,Apuntalamiento,pieza,6.07
V-2.14-M,VIGA MADERA 2.14 M,,Apuntalamiento,pieza,
V-1.86-M,VIGA MADERA 1.86 M,,Apuntalamiento,pieza,
V-1.61-M,VIGA MADERA 1.61M,,Apuntalamiento,pieza,
V-1.16-M,VIGA MADERA 1.16 M,,Apuntalamiento,pieza,
V-.74-M,VIGA MADERA 0.73M,,Apuntalamiento,pieza,
SEG-COLL,PERNO DE SEG COLL ROLL,,Torres de trabajo,pieza,
SEG-GAL,PERNO DE SEG GALVANIZADO,,Torres de trabajo,pieza,
VALL-GAL,VALLA DE EGURIDAD GALVANIZADA,,Vallas,pieza,
VALL -PINT,VALLA DE EGURIDAD PINTADA,,Vallas,pieza,
VALLA-REF,VALLA DE SEGURIDAD REFORZADA,,Vallas,pieza,
FLETE,SERVICIO DE FLETE,,,pieza,
ARMADO,SERVICIO DE ARMADO,,,pieza,
BAS-REG 60,"BASE REGULABLE 0,60M AR",,,pieza,
BAS-REG 40,"BASE REGULABLE 0,40M AR",,,pieza,
BAS-REG 20,"BASE REGULABLE 0,20 EV",,,pieza,
COLL-COR-GRA,COLLARIN CORTE P/GRADA EV,,,pieza,
BAS-COLL-24,BASE COLLARIN 0.24M AR,,,pieza,
R700,RUEDA 700 KG. C/BASE REG. T11,,,pieza,
R1000,RUEDA 1000 KG. C/BASE REG. T12,,,pieza,
R1200,RUEDA 1200 C/GRAPA GUIA,,,pieza,
VER-300,"VERTICAL C/E 3,00M AR",,,pieza,
VER-200,"VERTICAL C/E 2,00M AR",,,pieza,
VER-150,"VERTICAL C/E 1,50M AR",,,pieza,
VER-100,"VERTICAL C/E 1,00M AR",,,pieza,
VER-50,"VERTICAL C/E 0,50M AR",,,pieza,
VER-S-E200,"VERTICAL S/E 2,00M AR",,,pieza,
VER-S-E150,"VERTICAL S/E 1,50M AR",,,pieza,
VER-S-E100,"VERTICAL S/E 1,00M AR",,,pieza,
VER-S-E50,"VERTICAL S/E 0,50M AR",,,pieza,
"HOR-3,07","HORIZONTAL LW 3,07M AR O",,,pieza,
"HOR-2,57","HORIZONTAL LW 2,57M AR O",,,pieza,
"HOR-2,07","HORIZONTAL LW 2,07M AR O",,,pieza,
"HOR-1,57","HORIZONTAL LW 1,57M AR O",,,pieza,
"HOR-1,09","HORIZONTAL LW 1,09M AR O",,,pieza,
"HOR-1,036","HORIZONTAL LW 1,036 AR O",,,pieza,
HOR-086,HORIZONTAL LW 086 AR O,,,pieza,
HOR-.73,"HORIZONTAL LW 0,73M AR O",,,pieza,
"HOR-0,50","HORIZONTAL METALICA LW 0,50 AR O",,,pieza,
"HOR-0,39","HORIZONTAL LW 0,39 AR O",,,pieza,
VIG-PUE-3.07,VIGA PUENTE LW 3.07M AR O,,,pieza,
VIG-PUE-2.57,VIGA PUENTE LW 2.57M AR O,,,pieza,
VIG-PUE-2.07,VIGA PUENTE LW 2.07 M AR O,,,pieza,
VIG-PUE-1.57,VIGA PUENTE LW 1.57M AR O,,,pieza,
VIG-CEL-7.71,VIGA CELOSIA LW 7.71M X 0.50M AR O,,,pieza,
VIG-CEL-6.14,VIGA CELOSIA LW 6.14M X 0.50M AR O,,,pieza,
VIG-CEL-5.14,VIGA CELOSIA LW 5.14M X 0.50M AR O,,,pieza,
VIG-CEL-4.14,VIGA CELOSIA LW 4.14M X 0.50M AR O,,,pieza,
VIG-CEL-3.07,VIGA CELOSIA LW 3.07M X 0.50M AR O,,,pieza,
VIG-CEL-2.57,VIGA CELOSIA LW 2.57M X 0.50M AR O,,,pieza,
VIG-CEL-2.07,VIGA CELOSIA LW 2.07M X 0.50M AR O,,,pieza,
HOR-DIA-2.57,HORIZONTALE- DIAGONALES LW 2.57 X 2.57 ARO,,,pieza,
HOR-DIA-2.93,HORIZONTALE DIAGONAL LW 2.93M - 2.07 X 2.07 MAR,,,pieza,
HOR-DIA-3.30,HORIZONTAL DIAGONAL LW 3.30M DER - 2.57X2.07M AR,,,pieza,
DIA-307-200,DIAGONAL LW 0.73M X 2.00M AR,,,pieza,
DIA-2.57-200,DIAGONAL LW 2.57M X 2.00M AR,,,pieza,
DIA-2.07-200,DIAGONAL LW 2.07M X 2.00M AR,,,pieza,
DIA-1.57-200,DIAGONAL LW 1.57M X 2.00M AR,,,pieza,
DIA-1.09-200,DIAGONAL LW 1.09M X 2.00M AR,,,pieza,
DIA-1.03-200,DIAGONAL LW 1.03M X 2.00M AR,,,pieza,
DIA-.83-200,DIAGONAL LW 0.857M X 2.00M AR,,,pieza,
DIA-.73-200,DIAGONAL LW 0.73M X 2.00M AR,,,pieza,
DIA-2.57-1.50,"DIAGONAL LW 2,57M X 1,50M AR",,,pieza,
DIA-2.07-1.50,DIAGONAL LW 2.07M X 1.50M AR,,,pieza,
DIA-1.57-1.50,DIAGONAL LW 1.57M X 1.50M AR,,,pieza,
DIA-2.57-1.00,DIAGONAL LW 2.57M X 1.00M AR,,,pieza,
DIA-2.07-1.00,"DIAGONAL LW 2,07M X 1,00M AR",,,pieza,
DIA-1.57-1.00,DIAGONAL LW 1.57M X 1.00M AR,,,pieza,
DIA-2.57-.50,DIAGONAL LW 2.57M X 0.50M AR,,,pieza,
DIA-2.07-.50,"DIAGONAL LW 2,07M X 0,50M AR",,,pieza,
PLAT-ACE-307-32,"PLATAFORMA ACERO ""O"" 3.07M X 0.32M T9 AR",,,pieza,
PLAT-ACE-257-32,"PLATAFORMA ACERO ""O"" 2.57M X 0.32M T9 AR",,,pieza,
PLAT-ACE-207-32,"PLATAFORMA ACERO ""O"" 2.07M X 0.32M T9 AR",,,pieza,
PLAT-ACE-1.57-32,"PLATAFORMA ACERO ""O"" 1.57M X 0.32M T9 AR",,,pieza,
PLAT-ACE-1.09-32,"PLATAFORMA ACERO ""O"" 1.09M X 0.32M T9 AR",,,pieza,
PLAT-ACE-.73-32,"PLATAFORMA ACERO ""O"" 0.73M X 0.32M T9 AR",,,pieza,
PLAT-ACE-3.07-19,"PLATAFORMA ACERO ""O"" 3.07M X 0.19M T9 AR",,,pieza,
PLAT-ACE-2.57-19,"PLATAFORMA ACERO ""O"" 2.57M X 0.19M T9 AR",,,pieza,
PLAT-ACE-2.07-19,"PLATAFORMA ACERO ""O"" 2.07M X 0.19M T9 AR",,,pieza,
PLAT-ACE-1.57-19,"PLATAFORMA ACERO ""O"" 1.57M X 0.19M T9 AR",,,pieza,
PLAT-ACE-1.09-19,"PLATAFORMA ACERO ""O"" 1.09M X 0.19M T9 AR",,,pieza,
PLAT-ACE-.73-19,"PLATAFORMA ACERO ""O"" 0.73M X 0.19M T9 AR",,,pieza,
PLAT-SIN-2.50-30,PLATAFORMA SIN GARRA 2.50M X 0.30M AR,,,pieza,
PLAT-SIN-2.00-30,PLATAFORMA SIN GARRA 2.00M X 0.30M AR,,,pieza,
PLAT-SIN-1.50-30,PLATAFORMA SIN GARRA 1.50M X 0.30M AR,,,pieza,
PLAT-SIN-1.00-30,PLATAFORMA SIN GARRA 1.00M X 0.30M AR,,,pieza,
PLAT-SIN-2.50-20,PLATAFORMA SIN GARRA 2.50M X 0.20M AR,,,pieza,
PLAT-SIN-2.00-20,PLATAFORMA SIN GARRA 2.00M X 0.20M AR,,,pieza,
PLAT-ROB-TRAM-307,"PLAT. ROBUST CON TRAMPILLA ""O"" 3.07M X 0.61M T9 CON ESCALERA AR",,,pieza,
PLAT-ROB-TRAM-2.57,"PLAT. ROBUST CON TRAMPILLA ""O"" 2.57M X 0.61M T9 CON ESCALERA AR",,,pieza,
PLAT-ROB-LAT-3.07,"PLAT. ROBUST APERTURA LAT. ""O"" 3.07M X 0.61M CON ESCALERA AR",,,pieza,
PLAT-ROB-LAT-2.57,"PLAT. ROBUST APERTURA LAT. ""O"" 2.57M X 0.61M CON ESCALERA AR",,,pieza,
PLAT-ALU-2.07-61,"PLAT. ALU. CON TRAMPILLA ""O"" 2.07M X 0.61M T9 AR",,,pieza,
ESC-7PELD-2.15-35,ESCALERILLA 7 PELD 2.15M X 0.35M T15 ZB,,,pieza,
VIG-ESC-200-10PELD,"VIGA ESCALERA 200 DE 10 PELD ""O"" 2.00M X 2.57M AR",,,pieza,
VIG-ESC-500-9PELD,"VIGA ESCALERA 500 DE 9 PELD ""O"" 2.00M X 2.57M LW AR",,,pieza,
VIG-ESC-750-8PELD,"VIGA ESCALERA 750 DE 8 PELD ""O"" 1.50M X 2.57M LW AR",,,pieza,
VIG-ESC-750-5PELD,"VIGA ESCALERA 750 DE 5 PELD ""O"" 1.00M X 1.57M LW AR",,,pieza,
VIG-ESC-750-2PELD,"VIGA ESCALERA 750 DE 2 PELD ""O"" 0.50M X 0.73M LW AR",,,pieza,
ESC-ALU-2.57-94,"ESCALERA ALU. ""O"" 2.57M X 0.94M H=2.00M COMFORT CON DESCANSILLO AR",,,pieza,
ESC-ALU-257-64,"ESCALERA ALU. ""O"" 2.57M X 0.64M H=2.00M CON DESCANSILLO AR",,,pieza,
GUAR-INF-ALUM-22,GUARDA ESCALERA INFERIOR PARA ESC ALUM 22MM AR,,,pieza,
PASA-EXT-2.57-200,PASAMANOS EXTERIOR 2.57M X 2.00M CABEZA GIRATORIA AR,,,pieza,
PASA-INT-2.00,PASAMANOS INTERIOR 2.00M PARA ESC ALU T12 19MM AR,,,pieza,
ESCL-ACE-12PELD,ESCALERA DE ACERO 12 PELDAï¿½OS 3.00M X 0.43M AR,,,pieza,
ESCL-ACE-8PELD,ESCALERA DE ACERO 8 PELDAï¿½OS 2.00M X 0.43M AR,,,pieza,
ESCL-ACE-6PELD,ESCALERA DE ACERO 6 PELDAï¿½OS 1.50M X 0.43M AR,,,pieza,
ROD-3.07,"RODAPIE ACERO ""O"" 3.07M T18 AR",,,pieza,
ROD-2.57,"RODAPIE ACERO ""O"" 2.57M T18 AR",,,pieza,
ROD-2.07,"RODAPIE ACERO ""O"" 2.07M T18 AR",,,pieza,
ROD-1.57,"RODAPIE ACERO ""O"" 1.57M T18 AR",,,pieza,
ROD-1.09,"RODAPIE ACERO ""O"" 1.09M T18 AR",,,pieza,
ROD-.73,"RODAPIE ACERO ""O"" 0.73M T18 AR",,,pieza,
MEN-.73,"MENSULA ""O"" 0.73M AR",,,pieza,
MEN-.39,"MENSULA ""O"" 0.39M AR",,,pieza,
PUER-1.00-C-ROD,PUERTA ACCESO 1.00M CON RODAPIE ALUM AR,,,pieza,
PUER-.73-C-ROD,PUERTA ACCESO 0.73M CON RODAPIE ALUM AR,,,pieza,
PUER-GIR-1.00,PUERTA GIRATORIA 1.00M AJUSTABLE AR,,,pieza,
PUER-GIR-.73,PUERTA GIRATORIA 0.73M AJUSTABLE AR,,,pieza,
PUER-ACC-100,PUERTA ACCESO 1.00M AR,,,pieza,
PUER-ACC-73,PUERTA ACCESO 0.73M AR,,,pieza,
TUB-500,TUBO ACERO 5.00M ï¿½48.3 X 4.0MM ZB,,,pieza,
TUB-400,TUBO ACERO 4.00M ï¿½48.3 X 4.0MM ZB,,,pieza,
TUB-3.50,TUBO ACERO 3.50M ï¿½48.3 X 4.0MM ZB,,,pieza,
TUB-300,TUBO ACERO 3.00M ï¿½48.3 X 4.0MM ZB,,,pieza,
TUB-200,TUBO ACERO 2.00M ï¿½48.3 X 4.0MM ZB,,,pieza,
TUB-150,TUBO ACERO 1.50M ï¿½48.3 X 4.0MM ZB,,,pieza,
TUB-100,TUBO ACERO 1.00M ï¿½48.3 X 4.0MM ZB,,,pieza,
TUB-50,TUBO ACERO 0.50M ï¿½48.3 X 4.0MM ZB,,,pieza,
GRA-ORT-22,GRAPA ORTOGONAL 22MM KP,,,pieza,
GRAP-GIR-22,GRAPA GIRATORIA 22MM KP,,,pieza,
MED-GRA-ECLISA,MEDIA GRAPA CON ECLISA 19MM ZB,,,pieza,
GRAP-ROS-6,GRAPA ROSETA 6 AGUJEROS 0.12M AR,,,pieza,
GRAP-ROS-P-BASE,GRAPA ROSETA PARA BASE 6 AGUJEROS 0.12M AR,,,pieza,
MED-GRA-SIN-TORN,MEDIA GRAPA VIGA T SIN TORNILLO 22MM KP,,,pieza,
MED-GRA-CON-TORN,MEDIA GRAPA VIGA T CON TORNILLO 22MM KP,,,pieza,
MED-GRAP-DESC,MEDIA GRAPA DESCUELGUE 22MM KP,,,pieza,
ESP-MED-GRAP,"ESPIGA CON MEDIA GRAPA ""O"" 22MM KP",,,pieza,
ESP-VIGA,"ESPIGA VIGA ""U"" AJUSTABLE AR",,,pieza,
REGIR-50,RIGIDIZADOR 0.50M VERTICAL AR,,,pieza,
ESP-VER-52,ESPIGA PARA VERTICAL 0.52M ACERO AR,,,pieza,
TOR-M12-60,TORNILLO M12 X 60MM CON TUERCA GI,,,pieza,
TOR-ANI-12-95,TORNILLO ANILLA 12 X 95MM ZB,,,pieza,
CAB-REG-60,CABEZAL REGULABLE 0.60M MACIZO ZB,,,pieza,
CAB-HT20-60,CABEZAL HT20 REG. 0.60M MACIZO ZB,,,pieza,
VIG-590,VIGA MADERA HT20 5.90M GI ZB,,,pieza,
VIG-450,VIGA MADERA HT20 4.50M GI ZB,,,pieza,
VIG-360,VIGA MADERA HT20 3.60M GI ZB,,,pieza,
VIG-330,VIGA MADERA HT20 3.30M GI ZB,,,pieza,
VIG-290,VIGA MADERA HT20 2.90M GI ZB,,,pieza,
VIG-245,VIGA MADERA HT20 2.45M GI ZB,,,pieza,
VIG-200,VIGA MADERA HT20 2.00M GI ZB,,,pieza,
VIG-180,VIGA MADERA HT20 1.80M GI ZB,,,pieza,
VIG-145,VIGA MADERA HT20 1.45M GI ZB,,,pieza,
VIG-122,VIGA MADERA HT20 1.22M GI ZB,,,pieza,
VIG-100,VIGA MADERA HT20 1.00M GI ZB,,,pieza,
HOR-257-CON-CHAP,"HORIZONTAL ""O"" LW 2.57M CON CHAPA AR",,,pieza,
HOR-207-CON-CHAP,"HORIZONTAL ""O"" LW 2.07M CON CHAPA AR",,,pieza,
VIG-ALUM-257,VIGA ALUMINIO 2.57M ESCENARIO EV,,,pieza,
VIG-ALUM-207,VIGA ALUMINIO 2.07M ESCENARIO EV,,,pieza,
VIG-ALUM-103,VIGA ALUMINIO 1.03M ESCENARIO EV,,,pieza,
VIG-ALUM-86,VIGA ALUMINIO 0.86M ESCENARIO EV,,,pieza,
PLAT-ECEN-86-257,"PLAT. ESCENARIO 0.86M X 2.57M ""DECK"" T16 EV",,,pieza,
PLAT-ECEN-86-207,"PLAT. ESCENARIO 0.86M X 2.07M ""DECK"" T16 EV",,,pieza,
PLAT-ECEN-207-103,"PLAT. ESCENARIO 2.07M X 1.03M ""DECK"" T16 EV",,,pieza,
PLAT-ECEN-DECK,"PLAT. ESCENARIO X-EV 0.86M X 1.03M ""DECK"" T16 ESQ. FIJO EV",,,pieza,
ESQ-DECK,"ESQUINERO GRIS ""DECK"" T16 EV",,,pieza,
BAR-C-BARRO-257,BARANDILLA C/BARROTES 2.57M AJUSTABLE T12 EV,,,pieza,
BAR-C-BARRO-207,BARANDILLA C/BARROTES 2.07M AJUSTABLE T12 EV,,,pieza,
BAR-C-BARRO-157,BARANDILLA C/BARROTES 1.57M AJUSTABLE T12 EV,,,pieza,
BAR-LAT-33-257,"BARANDILLA LATERAL 0.33M, 2.57M X 1.00M PARA GRADA EV",,,pieza,
BAR-LAT-25-257,"BARANDILLA LATERAL 0.25M, 2.57M X 0.75M PARA GRADA EV",,,pieza,
BAR-ESQ-28,BARANDILLA ESQUINA 0.28M PARA GRADA EV,,,pieza,
VERT-96-BAR-GRAD,VERTICAL 0.96M BARANDILLA GRADA EV,,,pieza,
POST-FIN-150,POSTE FINAL 1.50M (35CM) GRADA EV,,,pieza,
POST-LAT-200,POSTE LATERAL 2.00M (14CM) GRADA 1.00M EV,,,pieza,
POST-LAT-150,POSTE LATERAL 1.50M (14CM) GRADA 0.75M EV,,,pieza,
VIGA-TRIB-200-33,VIGA TRIBUNA 2 PELD 0.86M X 0.33M EV,,,pieza,
VIGA-TRIB-200-25,VIGA TRIBUNA 2 PELD 0.86M X 0.25M EV,,,pieza,
BANC-257-30,BANCO CORRIDO 2.57M X 0.30M PERFORADO GRADA EV,,,pieza,
BANC-207-30,BANCO CORRIDO 2.07M X 0.30M PERFORADO GRADA EV,,,pieza,
ASIENT-RIG-40-43,ASIENTO RIGIDO NOVANTA AZUL 0.40M X 0.43M GRADA EV,,,pieza,
TAP-IZQ,TAPON IZQUIERDO ASIENTO NOVANTA EV,,,pieza,
TAP-DER,TAPON DERECHO ASIENTO NOVANTA EV,,,pieza,
KIT-EMSAM,"KIT EMSAMBLE (TORNILLO, TUERCA Y RONDANA) ASIENTO NOVANTA EV",,,pieza,
EMBELL-BAN,EMBELLECEDOR BANCO CORRIDO GRADA EV,,,pieza,
CUï¿½-LW,CUï¿½A LW SIN REMACHES ET AR,,,pieza,
CUï¿½-90MM,CUï¿½A 90MM P.BANCO DE ASIENTO ET EV,,,pieza,
TOR-M12 X 60,TORNILLO M12 X 60MM CON TUERCA GI,,,pieza,
BAS-REG-70,BASE REGULABLE 0.70M HEAVY DUTY ZB,,,pieza,
CAB-70,CABEZAL 0.70M HEAVY DUTY ZB,,,pieza,
ADAPT-CUAD-HEAV,ADAPTADOR CUADRUPLE HEAVY DUTY ZB,,,pieza,
COLL-CUADR-HEAV-CESPI,COLLARIN CUADRUPLE HEAVY DUTY CON ESPIGAS ZB,,,pieza,
DOB-CAB,DOBLE CABEZA LW AR,,,pieza,
CAB-HEAVY,CABEZAL HEAVY DUTY BRS,,,pieza,
CAB-DOB- VERT,CABEZAL DOBLE VERTICAL BRS,,,pieza,
VIG-SOP-2.07-BRS,VIGA SOPORTE 2.60M (2.07M) ACERO BRS,,,pieza,
VIG-SOP-2.57-BRS,VIGA SOPORTE 3.60M (2.57M) ACERO BRS,,,pieza,
SOP-P-POST-BRS,SOPORTE PARA POSTE BRS,,,pieza,
POST-3.22-BRS,POSTE 3.22M BRS,,,pieza,
LONGIT-2.07-CUAD-BRS,LONGITUDINAL 2.07M CUADRADO BRS,,,pieza,
LONGIT-2.57-CUAD-BRS,LONGITUDINAL 2.57M CUADRADO BRS,,,pieza,
VAR-ROS-2.07 DIAG-BRS,VARILLA ROSCADA 2.07M DIAGONAL BRS,,,pieza,
VAR-ROS-2.57 DIAG-BRS,VARILLA ROSCADA 2.57M DIAGONAL BRS,,,pieza,
ELEM-INF-LAR-VAR-BRS,ELEMENTO INFERIOR LARGO PARA VARILLA BRS,,,pieza,
ELEM-SUP-CORT-VAR-BRS,ELEMENTO SUPERIOR CORTO PARA VARILLA BRS,,,pieza,
TUER-P-TENS-36-70,TUERCA PARA TENSADO 36 X 70MM VARILLA BRS,,,pieza,
CONTRA-TUERC-36-30 BRS,CONTRATUERCA 36 X 30MM BRS,,,pieza,
BUL-30-145 BRS,BULON 30 X 145MM BRS,,,pieza,
PAS-SEG-4.00-P-BUL,PASADOR DE SEGURIDAD 4.0MM PARA BULON HA,,,pieza,
VER-200-FW,VERTICAL 2.00M FW,,,pieza,
VER-150-FW,VERTICAL 1.50M FW,,,pieza,
VERT-UN-LAD-200-FW,VERTICAL UN LADO 2.00M FW AR,,,pieza,
VERT-UN-LAD-150-FW,VERTICAL UN LADO 1.50M FW,,,pieza,
LONG-2.57-CUADR-FW,LONGITUDINAL 2.57M CUADRADO FW,,,pieza,
LONG-2.07-CUADR-FW,LONGITUDINAL 2.07M CUADRADO FW,,,pieza,
VAR-ROS-2.57-200-DIAG-FW,VARILLA ROSCADA 2.57M X 2.00M DIAGONAL FW,,,pieza,
VAR-ROS-2.07-200-DIAG-FW,VARILLA ROSCADA 2.07M X 2.00M Y 2.57M X 1.00M DIAGONAL FW,,,pieza,
VAR-ROS-2.57-100-DIAG-FW,VARILLA ROSCADA 2.57M X 1.50M DIAGONAL FW,,,pieza,
VAR-ROS-2.07-100-DIAG-FW,VARILLA ROSCADA 2.07M X 1.00M Y 1.57M X 2.00M DIAGONAL FW,,,pieza,
ELEM-INF-C-TEN-P-VAR,ELEMENTO INFERIOR CON TENSOR PARA VARILLA FW,,,pieza,
ELEM-SUP-C-TEN-P-VAR,ELEMENTO SUPERIOR CORTO PARA VARILLA FW,,,pieza,
BUL-20-66-FW,BULON 20 X 66MM FW,,,pieza,
PAS-SEG-4.00-P-BUL-HA,PASADOR DE SEGURIDAD 4.0MM PARA BULON HA,,,pieza,
ADAP-BARANDILLA-FW,ADAPTADOR BARANDILLA FW,,,pieza,
ESPI-VERT-52,ESPIGA PARA VERTICAL 0.52M ACERO AR,,,pieza,
TORN-M12-60-C-TUER,TORNILLO M12 X 60MM CON TUERCA GI,,,pieza,
SOP-CAB-ALLROUND,SOPORTE CABEZA ALLROUND RIEL KEDER HA,,,pieza,
RIEL-ALUM-4.00,RIEL ALUMINIO 4.00M KEDER 2000 HA,,,pieza,
RIEL-ALUM-3.00,RIEL ALUMINIO 3.00M KEDER 2000 HA,,,pieza,
RIEL-ALUM-42.50,RIEL ALUMINIO 2.50M KEDER 2000 HA,,,pieza,
RIEL-ALUM-2.00,RIEL ALUMINIO 2.00M KEDER 2000 HA,,,pieza,
ESPI-AJUS-RIEL,ESPIGA AJUSTABLE RIEL KEDER HA,,,pieza,
SOPORT-FIJO-RIEL,SOPORTE FIJO RIEL KEDER PARA ESPIGA HA,,,pieza,
RIEL-ALUM-600,RIEL ALUMINIO 6.00M KEDER 3000 HA,,,pieza,
RIEL-ALUM-500,RIEL ALUMINIO 5.00M KEDER 3000 HA,,,pieza,
RIEL-ALUM-400,RIEL ALUMINIO 4.00M KEDER 3000 HA,,,pieza,
RIEL-ALUM-200,RIEL ALUMINIO 2.00M KEDER 3000 HA,,,pieza,
PLACA-UNI-RIEL,PLACA UNION RIEL KEDER HA,,,pieza,
TORN-M12-40-RIEL-KENDE,TORNILLO T M12 X 40MM RIEL KEDER HA,,,pieza,
SOPORT-073-P-CUB,SOPORTE 073 P/CUB KEDER XL,,,pieza,
VIG-ARRAN-P-CUB,VIGA ARRANQUE P/CUB. KEDER XL,,,pieza,
VIG-300-75-P-CUB,VIGA 300X075 P/CUB. KEDER XL,,,pieza,
VIG-P-CUB-KED-200,"VIGA P/CUBIERTA KEDER 2,00M",,,pieza,
VIG-DOS-AGUAS-18-,VIGA DOS AGUAS 18ï¿½ P/CUB KEDER XL,,,pieza,
HOR-ALU-257-P-CUB,HORIZONTAL ALU. 257 P/CUB KEDER,,,pieza,
VIG-TRANS-ALUM-257-55,VIGA TRANSVERSAL ALU 2.57M X 0.55M KD XL,,,pieza,
GIAG-PLAN-CUB-100-257,DIAG. PLAN.CUBVOL.ALU 100X257,,,pieza,
ESPIG-ALUM-30-30,ESPIGA DE ALUMINIO 30X30 ET HA - UNITARIO - KD XL,,,pieza,
ESPIG-ACERO-38-5,ESPIGA DE ACERO 38X5 ET HA - UNITARIO - KD XL,,,pieza,
TORNI-M12-60-CON-TUER,TORNILLO M12 X 60MM CON TUERCA GI,,,pieza,
M.A-TORN-M12-90,M.A. TORNILLO M12X90 MM+TUERCA P7KEDER XL,,,pieza,
GOM-SELL-TECH-P-CUB,GOMA SELLADO TECHO P/CUBIERTA KEDER XL,,,pieza,
LONA-ALQUI-2.57X11,LONA ALQUITRANADA 2.57M X 11.00M HA KD,,,pieza,
LONA-PVC-257-14,"LONA PVC KEDER 2,57X 14.00M",,,pieza,
LONA-PVC-257-17,"LONA PVC KEDER 2,57X 17.00M GRIS",,,pieza,
LONA-ALQUI-P-TECH-20,LONA ALQUITRANADA PARA TECHO KEDER DE 20.00 X 2.57M HA,,,pieza,
LONA-P-CUB-2.57-22,LONA PARA CUBIERTA 2.57X22.50 HA KD,,,pieza,
LONA-CUB-2.57-24.5,LONA PARA CUBIERTA 2.57 X 24.50M HA KD,,,pieza,
LONA-PVC-KEDER-2.57,LONA PVC KEDER 2.57X26.5M,,,pieza,
LONA-P-CUB-2.57-28.5,LONA PARA CUBIERTA 2.57 X 28.50 HA KD,,,pieza,
LON-PVC-2.57-30.5,"LONA PVC KEDER 2,57M X 30.5M",,,pieza,
LONA-P-CUB-2.57-32.5,LONA PARA CUBIERTA 2.57X32.50 HA KD,,,pieza,
LONA-PVC-2.57-34.5,"LONA PVC KEDER 2,57X34.50",,,pieza,
LONA-CUB-2.57-36.5,"LONA CUBIERTA 2,57 X 36.50M HA KD",,,pieza,
LONA-PVC-2.57-38.5,LONA DE PVC 2.57M X 38.50 HA KD XL,,,pieza,
CLIP-P-SUJ-LON-CUB,CLIP P/SUJETAR LONAS CUB. KEDER,,,pieza,
APOY-CAS-73-1.09,APOYO CASSETTE 0.73M-1.09M (11ï¿½) ACERO HA,,,pieza,
VIG-CAS-200-AC,VIGA CASSETTE 2.00M ACERO HA,,,pieza,
VIG-CAS-300-AC,VIGA CASSETTE 3.00M ACERO HA,,,pieza,
VIG-CAS-DOS-AGUAS,VIGA CASSETTE DOS AGUAS ACERO HA,,,pieza,
TUB-ATAD-2.57,TUBO DE ATADO 2.57M CASSETTE ACERO HA,,,pieza,
VIG-CEL-ATAD-2.57,VIGA CELOSIA DE ATADO 2.57M CASSETTE ACERO HA,,,pieza,
LAM-CASS-257-100,LAMINA ACERO CASSETTE 2.57M X 1.00M HA,,,pieza,
LAM-CASS-257-200,LAMINA ACERO CASSETTE 2.57M X 2.00M HA,,,pieza,
LAM-CASS-257-145,LAMINA ACERO CASSETTE 2.57M X 1.45M DOS AGUAS HA,,,pieza,
PLAM-TRANS-257-200,LAMINA TRANSLUCIDA CASSETTE 2.57M X 2.00M HA,,,pieza,
LAM-CASS-257,LAMINA ACERO CASSETTE 2.57M X 2.00M CON TRAMPILLA HA,,,pieza,
CUï¿½-BARR-APOY,CUï¿½A CON BARRENO APOYO CASSETTE HA,,,pieza,
PLAC-SUJ-12-88,PLACA DE SUJECION 0.12M X 0.08M LAMINA CASSETTE HA,,,pieza,
CUï¿½-GANCH-LAM,CUï¿½A CON GANCHO LAMINA CASSETTE HA,,,pieza,
BUL-CAS-30-50,BULON CASSETTE 30 X 50MM HA,,,pieza,
TORN-M12-80,TORNILLO M12 X 60MM CON TUERCA GI,,,pieza,
TORN-M14-80,TORNILLO M14 X 80MM CON TUERCA HA,,,pieza,
PAS-SEG-400,PASADOR DE SEGURIDAD 4.0MM PARA BULON HA,,,pieza,
SOP-PROT-VER,SOPORTE PROTECT MEDIA GRAPA VERTICAL T9 PR,,,pieza,
SOP-PROT-HOR,SOPORTE PROTECT MEDIA GRAPA HORIZONTAL T9 PR,,,pieza,
SOP-PROT-CAB-T9,SOPORTE PROTECT CABEZA ALLROUND T9 PR,,,pieza,
PUERT-PAN-PROT-157-200,PUERTA PANEL PROTECT 1.57M X 2.00M PR,,,pieza,
PUERT-PAN-PROT-157-300,PUERTA PANEL PROTECT 1.57M X 3.00M PR,,,pieza,
CUBR-HUEC-157,CUBREHUECOS PUERTA PANEL PROTECT 1.57M PR,,,pieza,
PERF-CON-16-ESQ-EXT,PERFIL DE CONEXION 0.16M ESQUINA EXTERIOR 90ï¿½ PR,,,pieza,
PERF-CON-39-ESQ-INT,PERFIL DE CONEXION 0.39M ESQUINA INTERIOR 90ï¿½ PR,,,pieza,
PAN-PROT-39-ESQ-INT,PANEL PROTECT 0.39M ESQUINA INTERIOR 90ï¿½ PR,,,pieza,
PAN-PROT-16-ESQ-EXT,PANEL PROTECT 0.16M ESQUINA EXTERIOR 90ï¿½ PR,,,pieza,
PERF-CON-307,PERFIL DE CONEXION 3.07M PR,,,pieza,
PERF-CON-257,PERFIL DE CONEXION 2.57M PR,,,pieza,
PERF-CON-207,PERFIL DE CONEXION 2.07M PR,,,pieza,
PERF-CON-157,PERFIL DE CONEXION 1.57M PR,,,pieza,
PERF-CON-109,PERFIL DE CONEXION 1.09M PR,,,pieza,
PERF-CON-73,PERFIL DE CONEXION 0.73M PR,,,pieza,
PANEL-2.57-100,PANEL PROTECT TRANSLUCIDO 2.57M X 1.00M PR,,,pieza,
PANEL-207-100,PANEL PROTECT TRANSLUCIDO 2.07M X 1.00M PR,,,pieza,
PANEL-307-100,PANEL PROTECT CHAPA ACERO 3.07M X 1.00M PR,,,pieza,
PANEL-257-100,PANEL PROTECT CHAPA ACERO 2.57M X 1.00M PR,,,pieza,
PANEL-157-100,PANEL PROTECT CHAPA ACERO 1.57M X 1.00M PR,,,pieza,
PANEL-109-100,PANEL PROTECT CHAPA ACERO 1.09M X 1.00M PR,,,pieza,
PANEL-73-100,PANEL PROTECT CHAPA ACERO 0.73M X 1.00M PR,,,pieza,
VIG-TW-660-20,VIGA TWIXBEAM 6.60M X 0.20M ALUMINIO TX ZB,,,pieza,
VIG-TW-560-20,VIGA TWIXBEAM 5.60M X 0.20M ALUMINIO TX ZB,,,pieza,
VIG-TW-ALUM-460,VIGA TWIX DE ALUMINIO 4.60M TX,,,pieza,
VIG-TW-310-20-ALUM,VIGA TWIXBEAM 3.10M X 0.20M ALUMINIO TX ZB,,,pieza,
VIG-TW-260-20-ALUM,VIGA TWIXBEAM 2.60M X 0.20M ALUMINIO TX ZB,,,pieza,
VIG-TW-ALUM-210,VIGA TWIX DE ALUMINIO 2.10M TX,,,pieza,
VIG-TW-170-20,VIGA TWIXBEAM 1.70M X 0.20M ALUMINIO TX ZB,,,pieza,
VIG-TW-80-20,VIGA TWIXBEAM 0.80M X 0.20M ALUMINIO TX ZB,,,pieza,
VIG-INS-TW-2.75-14,VIGA INSERCION TWIXBEAM 2.75M X 0.14M ALUMINIO TX ZB,,,pieza,
VIG-INS-TW-2.25-14,VIGA INSERCION TWIXBEAM 2.25M X 0.14M ALUMINIO TX ZB,,,pieza,
VIG-INS-TW-175-14,VIGA INSERCION TWIXBEAM 1.75M X 0.14M ALUMINIO TX ZB,,,pieza,
VIG-INS-TW-127-14,VIGA INSERCION TWIXBEAM 1.27M X 0.14M ALUMINIO TX ZB,,,pieza,
VIG-INS-TW-91-14,VIGA INSERCION TWIXBEAM 0.91M X 0.14M ALUMINIO TX ZB,,,pieza,
VIG-INS-TW-49-14,VIGA INSERCION TWIXBEAM 0.49M X 0.14M ALUMINIO TX ZB,,,pieza,
VER-REG-170-230,VERTICAL REGULABLE TWIXBEAM 1.70M-2.30M TX ZB,,,pieza,
VER-REG-120-180,VERTICAL REGULABLE TWIXBEAM 1.20M-1.80M TX ZB,,,pieza,
VERT-REG-90-130,VERTICAL REGULABLE TWIXBEAM 0.90M-1.30M TX ZB,,,pieza,
ESPAC-TW-TX,ESPACIADOR TWIXBEAM TX ZB,,,pieza,
TOR-M20-90-C-TUER,TORNILLO M20 X 90MM CON TUERCA Y ARANDELA TWIXBEAM TX ZB,,,pieza,
CON-TWIX-80,CONECTOR TWIXBEAM 0.80M TX ZB,,,pieza,
ADAP-VERT-HEM,ADAPTADOR VERTICAL HEMBRA FLEXBEAM FX ZB,,,pieza,
ADAP-VERT-MACH,ADAPTADOR VERTICAL MACHO FLEXBEAM FX ZB,,,pieza,
ADAPT-VAR-VERT-,ADAPTADOR VARILLA-VERTICAL FLEXBEAM FX ZB,,,pieza,
ZAP-SUSP-FLEX,ZAPATA DE SUSPENSION FLEXBEAM FX ZB,,,pieza,
VIGA-FLEX 400-28,VIGA FLEXBEAM 4.00M X 0.28M ALUMINIO FX ZB,,,pieza,
VIGA-FLEX 600-28,VIGA FLEXBEAM 6.00M X 0.28M ALUMINIO FX ZB,,,pieza,
VIGA-FLEX 500-28,VIGA FLEXBEAM 5.00M X 0.28M ALUMINIO FX ZB,,,pieza,
ADAPT-FIN-C-CAB,ADAPTADOR FINAL FLEXBEAM CON CABEZAS AR FX ZB,,,pieza,
DO-BAS-COLL,BASE COLLARIN,,,pieza,
DO-BAS-REG-60,BASE FIJA REGULABLE 60CM,,,pieza,
DO-BAS-GIR-78,BASE GIRATORIA REGULABLE 78 CM,,,pieza,
DO-R10,RUEDA 10KN,,,pieza,
DO-VER-300,VERTICAL 3.00 M ESPIGA APERMADA SIMPLE,,,pieza,
DO-VER-200,VERTICAL 2.00 M ESPIGA APERMADA SIMPLE,,,pieza,
DO-VER-150,VERTICAL 1.50 M ESPIGA APERMADA SIMPLE,,,pieza,
DO-VER-100,VERTICAL 1.00 M ESPIGA APERMADA SIMPLE,,,pieza,
DO-VER-50,VERTICAL .50 M ESPIGA APERMADA SIMPLE,,,pieza,
DO-HOR-15,HORIZONTALES 0.15M,,,pieza,
DO-HOR-65,HORIZONTALES 0.65M,,,pieza,
DO-HOR-88,HORIZONTALES 0.88M,,,pieza,
DO-HOR-18,HORIZONTALES 1.065M,,,pieza,
DO-HOR-157,HORIZONTALES 1.57M,,,pieza,
DO-HOR-213,HORIZONTALES 2.13M,,,pieza,
DO-HOR-243,HORIZONTALES 2.43M,,,pieza,
DO-HOR-305,HORIZONTALES 3.05M,,,pieza,
DO-DIA-200-88,DIAGONAL 200/88 CM,,,pieza,
DO-DIA-200-106.5,DIAGONAL 200/1.065 CM,,,pieza,
DO-DIA-200-157,DIAGONAL 200/157 CM,,,pieza,
DO-DIA-200-213,DIAGONAL 200/213 CM,,,pieza,
DO-DIA-200-243,DIAGONAL 200/243 CM,,,pieza,
DO-DIA-200-305,DIAGONAL 200/305 CM,,,pieza,
DO-PLAT-24-65,PLATAFORMA DE ACERO 24/65 CM,,,pieza,
DO-PLAT-24-88,PLATAFORMA DE ACERO 24/88 CM,,,pieza,
DO-PLAT-24-106.5,PLATAFORMA DE ACERO 24/1.065 CM,,,pieza,
DO-PLAT-24-157,PLATAFORMA DE ACERO 24/157 CM,,,pieza,
DO-PLAT-24-213,PLATAFORMA DE ACERO 24/213 CM,,,pieza,
DO-PLAT-24-243,PLATAFORMA DE ACERO 24/243 CM,,,pieza,
DO-PLAT-24-305,PLATAFORMA DE ACERO 24/305 CM,,,pieza,
DO-PLAT-TRA-61-213,PLATAFORMA C/TRP ALUM/PLEG 61/213 CM,,,pieza,
DO-PLAT-TRA-61-243,PLATAFORMA C/TRP ALUM/PLEG 61/243 CM,,,pieza,
DO-PLAT-TRA-61-305,PLATAFORMA C/TRP ALUM/PLEG 61/305 CM,,,pieza,
DO-PLAT-TRA-74-213,PLATAFORMA C/TRP ALUM/PLEG 74/213 CM,,,pieza,
DO-PLAT-TRA-74-243,PLATAFORMA C/TRP ALUM/PLEG 75/243 CM,,,pieza,
DO-PLAT-TRA-74-305,PLATAFORMA C/TRP ALUM/PLEG 74/305 CM,,,pieza,
DO-ROD-65,RODAPIE INTERCONEXION 0.65M,,,pieza,
DO-ROD-88,RODAPIE INTERCONEXION 0.88M,,,pieza,
DO-ROD-106.5,RODAPIE INTERCONEXION 1.065M,,,pieza,
DO-ROD-157,RODAPIE INTERCONEXION 1.57M,,,pieza,
DO-ROD-213,RODAPIE INTERCONEXION 2.13M,,,pieza,
DO-ROD-243,RODAPIE INTERCONEXION 2.43M,,,pieza,
DO-ROD-305,RODAPIE INTERCONEXION 3.05M,,,pieza,
DO- ABRA-GIR,ABRAZADERA GIRATORIA 48MM,,,pieza,
DO- ABRA-,ABRAZADERA NORMAL 48MM,,,pieza,
VIG-PUE-157,VIGA PUENTE TIPO 0 1.57,,,pieza,
VIG-PUE-213,VIGA PUENTE TIPO 0 2.13,,,pieza,
VIG-PUE-243,VIGA PUENTE TIPO 0 2.43,,,pieza,
VIG-PUE-305,VIGA PUENTE TIPO 0 3.05,,,pieza,
ESCAL-200-205,ESCALERA INTERNA 2.00 X 3.05,,,pieza,
BAR-ESC-200-305,BARANDA DE ESCALERA 2.00 X 3.05,,,pieza,
ESC-MAR-200,ESCALERA MARINA 2.00,,,pieza,
ESC-MAR-240,ESCALERA MARINA 2.40,,,pieza,
ESC-MAR-300,ESCALERA MARINA 3.00,,,pieza,
ESC-MAR-360,ESCALERA MARINA 3.60,,,pieza,
ESC-MAR-420,ESCALERA MARINA 4.20,,,pieza,
ESC-MAR-480,ESCALERA MARINA 4.80,,,pieza,
ESC-MAR-540,ESCALERA MARINA 5.40,,,pieza,
ESC-MAR-600,ESCALERA MARINA 6.00,,,pieza,
PM30-220,PLATAFORMA DE MADERA DE 30CM PARA ANDAMIO,,,pieza,
V-I-2.14,VIGA METALICA I 2.14M,,,pieza,
V-I-1.85,VIGA METALICA I 1.86M,,,pieza,
